{"cameraMode":{"drawMode":0,"name":"Shaded","section":"Shading Mode"},"sceneLighting":false,"audioPlay":false,"sceneViewState":{"showFog":true,"showMaterialUpdate":false,"showSkybox":true,"showFlares":true,"showImageEffects":true,"showParticleSystems":true},"in2DMode":false,"pivot":{"x":-0.005269805435091257,"y":0.0020449385046958925,"z":0.1345648169517517},"rotation":{"x":-0.2680264711380005,"y":-0.05574931204319,"z":0.015537602826952935,"w":-0.9616717100143433},"size":1.1251988410949708,"orthographic":false}