{"cameraMode":{"drawMode":0,"name":"Shaded","section":"Shading Mode"},"sceneLighting":true,"audioPlay":false,"sceneViewState":{"showFog":true,"showMaterialUpdate":false,"showSkybox":true,"showFlares":true,"showImageEffects":true,"showParticleSystems":true},"in2DMode":false,"pivot":{"x":1.3861024379730225,"y":8.669746398925782,"z":-6.6972455978393559},"rotation":{"x":-0.36583182215690615,"y":0.559876561164856,"z":-0.30137813091278078,"w":-0.6796150207519531},"size":13.371201515197754,"orthographic":false}