{"cameraMode":{"drawMode":0,"name":"Shaded","section":"Shading Mode"},"sceneLighting":true,"audioPlay":false,"sceneViewState":{"showFog":true,"showMaterialUpdate":false,"showSkybox":true,"showFlares":true,"showImageEffects":true,"showParticleSystems":true},"in2DMode":false,"pivot":{"x":6.272469520568848,"y":6.548233985900879,"z":-6.095776081085205},"rotation":{"x":-0.03991614654660225,"y":0.9344048500061035,"z":-0.33612674474716189,"w":-0.11096441745758057},"size":13.371201515197754,"orthographic":false}